cty,ldf,kcalPerKgGenus,percProtCtyGenus
AFG,Beef,1250.00187351524,19.4354970448799
AFG,Eggs,1439.98800059997,13.29998500075
AFG,Milk,652.700491976784,3.37129569395834
AFG,Pork,1298.21151959288,18.6882690752662
AFG,Poultry,1669.99776171479,19.2992850653711
AFG,Sheep,2029.9973301804,18.9192093061944
AGO,Beef,2350.01086484137,18.4005142691583
AGO,Eggs,1389.98589562764,12.6000128221567
AGO,Milk,649.999803919262,3.37129569395834
AGO,Pork,2649.99674085448,16.7998087967959
AGO,Poultry,1809.99872139113,19.4999135058703
AGO,Sheep,2291.19406998545,16.4497066575971
ALB,Beef,2910.00333616829,17.3198821533792
ALB,Eggs,1429.99244339815,12.5599441974017
ALB,Milk,473.924504775141,3.15001017258354
ALB,Pork,3759.99499654523,13.9101998999309
ALB,Poultry,2149.99613843289,18.5998815786086
ALB,Sheep,1090.00340542598,16.8802291651365
ARG,Beef,1301.00029175664,19.4354970448799
ARG,Eggs,1539.99749252707,12.5000824826621
ARG,Milk,571.000020414801,3.2800012975983
ARG,Pork,1578.00225891192,19.5002474650694
ARG,Poultry,1726.00078934579,18.0000195705568
ARG,Sheep,1516.01542225847,18.9192093061944
ARM,Beef,2909.99539189812,17.3198301984277
ARM,Eggs,1430.00317297067,12.5598579092676
ARM,Milk,473.919293384136,3.15000432975407
ARM,Pork,3759.99439525699,13.9102715673138
ARM,Poultry,2150.00394632991,18.5998421468035
ARM,Sheep,1089.99508760439,16.8806287866383
AUS,Beef,2910.0018406154,17.3200322425043
AUS,Eggs,1430.00098963215,12.5601783666412
AUS,Milk,473.919287629758,3.15000269091004
AUS,Pork,3759.99910683495,13.9100533169917
AUS,Poultry,2150.00038273215,18.6000168402144
AUS,Sheep,1089.99776772796,16.8801104561276
AUT,Beef,2909.99910901234,17.320057617202
AUT,Eggs,1430.00101279718,12.5599918976225
AUT,Milk,473.919290304712,3.14999917594651
AUT,Pork,3760.00078215796,13.9099991243232
AUT,Poultry,2150.00209881207,18.5999724156128
AUT,Sheep,1089.97334426902,16.8800492105803
AZE,Beef,2910.00489103853,17.320204929574
AZE,Eggs,1430.00022666485,12.5600661861372
AZE,Milk,473.919316337929,3.14999361150609
AZE,Pork,3759.93575560909,13.9100578527296
AZE,Poultry,2150.0029385836,18.6000587716721
AZE,Sheep,1089.99988543803,16.8801338083836
BDI,Beef,2350.00617004648,18.4001069474723
BDI,Eggs,1389.96226758194,12.5994453789153
BDI,Milk,650.000348813685,3.37129569395834
BDI,Pork,2650.08643721515,16.8002514537168
BDI,Poultry,1809.99581546187,19.4999476932734
BDI,Sheep,2291.19406998545,16.4494952281128
BEN,Beef,2349.97157014053,18.3998050523922
BEN,Eggs,1389.97650743931,12.5998433829287
BEN,Milk,649.996702644479,3.37129569395834
BEN,Pork,2650.08825012607,16.8003025718608
BEN,Poultry,1810.00124980906,19.5002615341175
BEN,Sheep,2291.19406998545,16.4500484966052
BFA,Beef,2349.98977546931,18.4000654369964
BFA,Eggs,1389.99179909326,12.5999969053182
BFA,Milk,650.002073856959,3.37129569395834
BFA,Pork,2649.95820482518,16.7996425791946
BFA,Poultry,1810.00671269659,19.4999041043345
BFA,Sheep,2291.19406998545,16.450041747843
BGD,Beef,2909.92820004952,17.3196335726665
BGD,Eggs,1429.99219968799,12.5596723868955
BGD,Milk,625.403358790473,3.09012441880767
BGD,Pork,1298.21151959288,18.6882690752662
BGD,Poultry,2150.01667778519,18.6003168779186
BGD,Sheep,1089.99686422076,16.8798996550643
BGR,Beef,2910.02068656241,17.3202945303572
BGR,Eggs,1430.00183534882,12.5599037461509
BGR,Milk,477.711900199645,3.15458554939314
BGR,Pork,3759.99895377917,13.90990831484
BGR,Poultry,2150.00013608664,18.6000495355363
BGR,Sheep,1089.99780493159,16.880076095705
BLR,Beef,2910.00334913892,17.3199837831168
BLR,Eggs,1429.99862131649,12.5600620918203
BLR,Milk,473.919159993086,3.14999859935078
BLR,Pork,3760.00072463052,13.9099416013676
BLR,Poultry,2150.00079786446,18.6000442244871
BLR,Sheep,1090.02822597632,16.8803976913679
BLZ,Beef,1300.99932560849,19.4354970448799
BLZ,Eggs,1539.99826934726,12.499927889469
BLZ,Milk,570.999148310816,3.28011667585155
BLZ,Pork,1578.00217178768,19.4999116132919
BLZ,Poultry,1726.00096372393,18.0000748096205
BLZ,Sheep,1516.01093655869,18.9192093061944
BOL,Beef,1301.00007152657,19.4354970448799
BOL,Eggs,1540.00680966973,12.5003869130529
BOL,Milk,570.999767865741,3.27997111218103
BOL,Pork,1578.00437294175,19.5000809804027
BOL,Poultry,1726.00043251708,17.9999715864695
BOL,Sheep,1516.02405560907,18.9192093061944
BRA,Beef,1301.00029163502,19.4354970448799
BRA,Eggs,1539.99929182411,12.4998103100293
BRA,Milk,570.999902429017,3.28001120815393
BRA,Pork,1578.00107694695,19.5000410700107
BRA,Poultry,1726.0011697248,18.000025490371
BRA,Sheep,1515.98702502317,18.9192093061944
BTN,Beef,1249.99391169523,19.4354970448799
BTN,Eggs,1439.99091631657,13.3000264940767
BTN,Milk,652.700491976784,3.37129569395834
BTN,Pork,3950.02607335303,13.2000695289414
BTN,Poultry,1669.99104973789,19.3001747432127
BTN,Sheep,2030.00772341102,18.9192093061944
BWA,Beef,2350.00600504424,18.4002562152208
BWA,Eggs,1390.00407996736,12.5999592003264
BWA,Milk,649.999554055658,3.37129569395834
BWA,Pork,2650.08463419221,16.8008275343239
BWA,Poultry,1810.00368686248,19.5001508261924
BWA,Sheep,2291.19406998545,16.4501754053285
CAF,Beef,2350.00438028676,18.4001245948235
CAF,Eggs,1389.99310661765,12.5999540441177
CAF,Milk,650.000110506274,3.37129569395834
CAF,Pork,2649.98422577222,16.7995525855393
CAF,Poultry,1810.04002668446,19.5005003335557
CAF,Sheep,2291.19406998545,16.4503826786634
CAN,Beef,2909.99991344689,17.3199262567511
CAN,Eggs,1429.99691532391,12.5598305854299
CAN,Milk,473.919341986607,3.15000020714827
CAN,Pork,3759.99877654831,13.9099398391161
CAN,Poultry,2149.99945646182,18.6000319911046
CAN,Sheep,1089.96442613743,16.8797977906759
CHL,Beef,1301.00119259228,19.4354970448799
CHL,Eggs,1539.99691408293,12.5001071498984
CHL,Milk,571.000117540447,3.27999892455661
CHL,Pork,1578.00143959276,19.5000507073051
CHL,Poultry,1725.99924785663,18.0000285624065
CHL,Sheep,1515.98702502317,18.9192093061944
CIV,Beef,2349.96885166471,18.3996677510902
CIV,Eggs,1390.01287737874,12.6000858491916
CIV,Milk,649.984255274483,3.37129569395834
CIV,Pork,2650.03683822755,16.8003368066519
CIV,Poultry,1809.99872139113,19.5000639304437
CIV,Sheep,2291.19406998545,16.4501839989096
CMR,Beef,2350.01065013135,18.3998769318155
CMR,Eggs,1390.04126667907,12.6000197029237
CMR,Milk,650.002698861081,3.37129569395834
CMR,Pork,2649.95610184372,16.7998244073749
CMR,Poultry,1809.98925513847,19.50019063464
CMR,Sheep,2291.19406998545,16.4500582565406
COD,Beef,2349.99519600308,18.3997886241353
COD,Eggs,1389.99881782717,12.6001891476534
COD,Milk,650.002553234949,3.37129569395834
COD,Pork,2649.98400292518,16.7998994469583
COD,Poultry,1810,19.5
COD,Sheep,2291.19406998545,16.449639704349
COG,Beef,2349.99519600307,18.3997886241353
COG,Eggs,1389.99881782717,12.6001891476534
COG,Milk,650.002553234949,3.37129569395834
COG,Pork,2649.98400292518,16.7998994469583
COG,Poultry,1810,19.5
COG,Sheep,2291.19406998545,16.449639704349
COL,Beef,1301.00352199446,19.4354970448799
COL,Eggs,1540.0009952877,12.50004785037
COL,Milk,571.000019976496,3.28000511940019
COL,Pork,1578.00811780886,19.5006317578522
COL,Poultry,1725.99764270079,17.9999037837058
COL,Sheep,1515.98734712792,18.9192093061944
CRI,Beef,1300.99911608294,19.4354970448799
CRI,Eggs,1539.99536833548,12.4998227679394
CRI,Milk,571.000022903985,3.2800058696313
CRI,Pork,1578.0019517509,19.4999205682772
CRI,Poultry,1725.99986326656,18.0001367334382
CRI,Sheep,1515.99898051391,18.9192093061944
CUB,Beef,1301.00091369715,19.4354970448799
CUB,Eggs,1540.00043575833,12.5001634093732
CUB,Milk,570.999782871906,3.2800326796183
CUB,Pork,1577.99957911193,19.5000450951508
CUB,Poultry,1726.00228941264,18.0000872796608
CUB,Sheep,1515.98190177333,18.9192093061944
CYP,Beef,2909.98762399099,17.3199475404991
CYP,Eggs,1430.00365092519,12.5597621683019
CYP,Milk,473.919481980591,3.14998892240992
CYP,Pork,3760.00155514949,13.9100645087971
CYP,Poultry,2150.00216468958,18.6000952463417
CYP,Sheep,1089.99853842649,16.8803143242802
CZE,Beef,2909.99161110866,17.3199699765994
CZE,Eggs,1430,12.5600688468158
CZE,Milk,473.919172075481,3.15000104039723
CZE,Pork,3759.99918834669,13.9099622834851
CZE,Poultry,2150.00099675059,18.6001136295676
CZE,Sheep,1089.99240022985,16.8798309514541
DEU,Beef,2909.99696667678,17.3197941192048
DEU,Eggs,1430.00382728266,12.5600383417867
DEU,Milk,473.919210090469,3.1499976210274
DEU,Pork,3759.99849840187,13.9099470150374
DEU,Poultry,2149.99727842366,18.5998930580592
DEU,Sheep,1089.99473407056,16.8799368088468
DJI,Beef,2350.00982511299,18.3996855963844
DJI,Eggs,1390.00418170317,12.6000165503142
DJI,Milk,650.001347164219,3.37129569395834
DJI,Pork,2649.99831291966,16.7999460134292
DJI,Poultry,1810.05548325228,19.4999657510788
DJI,Sheep,2291.19406998545,16.4499507201771
DNK,Beef,2910.00058759138,17.3200174971654
DNK,Eggs,1430.00257524648,12.5598903771623
DNK,Milk,473.919268063675,3.15000233187829
DNK,Pork,3760.00125722907,13.9099823987931
DNK,Poultry,2150.00237571073,18.6000049776796
DNK,Sheep,1090.02703224561,16.8801892257193
DOM,Beef,1300.99600719582,19.4354970448799
DOM,Eggs,1540.00181838602,12.4997994427182
DOM,Milk,570.999766982671,3.28002550926551
DOM,Pork,1578.00237695337,19.49985757924
DOM,Poultry,1726.00065082981,17.999918646274
DOM,Sheep,1515.99898051391,18.9192093061944
DZA,Beef,2910.01988799916,17.3195687444392
DZA,Eggs,1429.99841863898,12.559959938854
DZA,Milk,473.919164884124,3.14999226350845
DZA,Pork,3760.00869955322,13.910077110031
DZA,Poultry,2149.99301166276,18.5998478095445
DZA,Sheep,1090.00122970183,16.8799228523905
ECU,Beef,1300.99918255335,19.4354970448799
ECU,Eggs,1540.0027835769,12.4999304105776
ECU,Milk,570.999886201365,3.28000704817353
ECU,Pork,1578.00321456155,19.4998643204542
ECU,Poultry,1725.99942252671,18.000104995144
ECU,Sheep,1515.97120441417,18.9192093061944
EGY,Beef,2909.9987291408,17.3198557086018
EGY,Eggs,1429.99398712365,12.5600187719067
EGY,Milk,652.700491976784,3.37129569395834
EGY,Pork,3760.11013594906,13.9103998164401
EGY,Poultry,2149.99851324697,18.5997759958767
EGY,Sheep,1090.00374176093,16.8799470396915
ERI,Beef,2349.99504817419,18.3995698985583
ERI,Eggs,1389.97377825476,12.5997145480898
ERI,Milk,650.000608534082,3.37129569395834
ERI,Pork,2649.98422577222,16.7998393896808
ERI,Poultry,1810.03068661297,19.5003835826621
ERI,Sheep,2291.19406998545,16.4500119588615
ETH,Beef,2349.99504817419,18.3995698985583
ETH,Eggs,1389.97377825476,12.5997145480898
ETH,Milk,650.000608534082,3.37129569395834
ETH,Pork,2649.98422577222,16.7998393896808
ETH,Poultry,1810.03068661297,19.5003835826621
ETH,Sheep,2291.19406998545,16.4500119588615
FJI,Beef,2909.98952518596,17.3199061244514
FJI,Eggs,1430.00448597417,12.5597732196887
FJI,Milk,473.919473436852,3.15002522272412
FJI,Pork,3759.99451330524,13.9100182058508
FJI,Poultry,2149.99777440946,18.6000801212595
FJI,Sheep,1090.00241077886,16.8799164263328
GAB,Beef,2349.99519600307,18.3997886241353
GAB,Eggs,1389.99881782717,12.6001891476534
GAB,Milk,650.002553234949,3.37129569395834
GAB,Pork,2649.98400292518,16.7998994469583
GAB,Poultry,1810,19.5
GAB,Sheep,2291.19406998545,16.449639704349
GEO,Beef,2910.01004352193,17.3198144339758
GEO,Eggs,1430.00427886603,12.5602848709451
GEO,Milk,478.946323018348,3.15608728652417
GEO,Pork,3760.00557073969,13.9103110909946
GEO,Poultry,2150,18.5998189225894
GEO,Sheep,1090.01811015234,16.8802599339512
GHA,Beef,2350.02727768685,18.4004364429896
GHA,Eggs,1389.97550795129,12.5999517058194
GHA,Milk,650.002266237592,3.37129569395834
GHA,Pork,2649.94923857868,16.8
GHA,Poultry,1809.9975577169,19.5001939460112
GHA,Sheep,2291.19406998545,16.450235609591
GIN,Beef,2350.00944694864,18.3999568139491
GIN,Eggs,1390.0167879127,12.600111919418
GIN,Milk,649.998377986757,3.37129569395834
GIN,Pork,2650.0550660793,16.7997430249633
GIN,Poultry,1809.98045218161,19.4998709106333
GIN,Sheep,2291.19406998545,16.4500614358434
GMB,Beef,2349.97022374727,18.3997391033094
GMB,Eggs,1389.94013624166,12.6000596343953
GMB,Milk,650.00211676051,3.37129569395834
GMB,Pork,2649.91318367853,16.8005084955972
GMB,Poultry,1810.00597966912,19.5003654242243
GMB,Sheep,2291.19406998545,16.4504092441021
GNB,Beef,2349.98718934153,18.3993082244427
GNB,Eggs,1390.01154734411,12.6000769822941
GNB,Milk,649.999105945463,3.37129569395834
GNB,Pork,2649.99351679767,16.8001383083164
GNB,Poultry,1809.98798983325,19.4997625897271
GNB,Sheep,2291.19406998545,16.4497824853414
GNQ,Beef,2349.99519600308,18.3997886241353
GNQ,Eggs,1389.99881782717,12.6001891476534
GNQ,Milk,650.002553234949,3.37129569395834
GNQ,Pork,2649.98400292518,16.7998994469583
GNQ,Poultry,1810,19.5
GNQ,Sheep,2291.19406998545,16.449639704349
GRC,Beef,2910.00378670522,17.3200454404627
GRC,Eggs,1430.0039342051,12.5599497920492
GRC,Milk,474.005310735265,3.15009377949046
GRC,Pork,3759.99985569543,13.910058569617
GRC,Poultry,2150.00331796659,18.6001303765697
GRC,Sheep,1090.00050843641,16.8800889037385
GRL,Beef,2909.99582762115,17.3198426417119
GRL,Eggs,1430.00057494394,12.5599117722386
GRL,Milk,473.919247609591,3.15000057723398
GRL,Pork,3760.00526932252,13.9101523235135
GRL,Poultry,2150.0005861596,18.6000164124688
GRL,Sheep,1089.9997623569,16.8800053577717
GTM,Beef,1301.00419180985,19.4354970448799
GTM,Eggs,1540.00148396744,12.5001426891773
GTM,Milk,570.999723549975,3.27994578012414
GTM,Pork,1578.00786224462,19.5005813631582
GTM,Poultry,1726.00178959124,17.9999583815991
GTM,Sheep,1515.98734712792,18.9192093061944
HND,Beef,1300.99319477653,19.4354970448799
HND,Eggs,1540.00118259224,12.5
HND,Milk,571.000040941151,3.28000547716912
HND,Pork,1577.99682979988,19.4997027937389
HND,Poultry,1725.99976236763,17.9998938238335
HND,Sheep,1516.00296580061,18.9192093061944
HRV,Beef,2910.00426318033,17.3198806309507
HRV,Eggs,1430.00235316056,12.5601054926319
HRV,Milk,473.919261019203,3.15000546234636
HRV,Pork,3759.99913823748,13.9100589230123
HRV,Poultry,2149.99967529727,18.6002714514862
HRV,Sheep,1089.99370673379,16.8802563075691
HTI,Beef,1300.99827595796,19.4354970448799
HTI,Eggs,1539.95660820828,12.4995480021696
HTI,Milk,571.00283286119,3.28
HTI,Pork,1577.99522425249,19.500103820598
HTI,Poultry,1725.99839712087,17.9998790279899
HTI,Sheep,1515.9655347187,18.9192093061944
HUN,Beef,2909.99453733358,17.3198658968948
HUN,Eggs,1429.99986751808,12.5599480670888
HUN,Milk,473.919191573088,3.14999729839076
HUN,Pork,3760.00044326364,13.9100285628008
HUN,Poultry,2149.9988588383,18.6000228232341
HUN,Sheep,1090.00033100526,16.8802753963788
IDN,Beef,2910.00680378919,17.3200921128382
IDN,Eggs,1430.00185196617,12.5600345700352
IDN,Milk,609.992852589488,3.0606370854019
IDN,Pork,3759.99457395888,13.9100439896905
IDN,Poultry,2150.00289756687,18.5998956875926
IDN,Sheep,1090.02169197397,16.8802997436403
IND,Beef,1140.0010467368,19.4354970448799
IND,Eggs,1566.73680721361,12.999879991085
IND,Milk,652.700491976784,3.24946666342013
IND,Pork,1140,19.0001912045889
IND,Poultry,1300.00311012969,19.8583346288085
IND,Sheep,1940.05531056133,18.9192093061944
IRL,Beef,2910.0003093546,17.3199204677442
IRL,Eggs,1430.00049375401,12.5601145509307
IRL,Milk,473.919229238413,3.1499991603941
IRL,Pork,3760.00106093291,13.9100682533508
IRL,Poultry,2149.99986581756,18.6001014419245
IRL,Sheep,1090.00033100526,16.8796133858528
IRN,Beef,2909.98850869657,17.3195140182745
IRN,Eggs,1430.00529460706,12.5603207019136
IRN,Milk,484.499819975076,3.16279630094722
IRN,Pork,1298.21151959288,18.6882690752662
IRN,Poultry,2150.00099814345,18.6000705354707
IRN,Sheep,1090.00353328079,16.8795694833256
IRQ,Beef,2910.02194586686,17.3201658132163
IRQ,Eggs,1429.9941007085,12.5602341025776
IRQ,Milk,525.788264773439,3.21276072480917
IRQ,Pork,3759.99817057528,13.9099861778334
IRQ,Poultry,2149.99600989546,18.5998723166547
IRQ,Sheep,1089.98324431878,16.8797779872238
ISL,Beef,2909.99582762115,17.3198426417119
ISL,Eggs,1430.00057494394,12.5599117722386
ISL,Milk,473.919247609591,3.15000057723398
ISL,Pork,3760.00526932252,13.9101523235135
ISL,Poultry,2150.0005861596,18.6000164124688
ISL,Sheep,1089.9997623569,16.8800053577717
ISR,Beef,2910.00202258319,17.320054028544
ISR,Eggs,1429.99574655725,12.5601432902916
ISR,Milk,473.919206704546,3.15000116052338
ISR,Pork,3759.96841689696,13.9098023733773
ISR,Poultry,2150.00037174199,18.5999866172883
ISR,Sheep,1089.99800447884,16.8801135229818
JAM,Beef,2909.99369114658,17.3201392620978
JAM,Eggs,1429.99557913351,12.5599027409372
JAM,Milk,473.920855930882,3.15000943558776
JAM,Pork,3759.99825738433,13.9099939008452
JAM,Poultry,2150.00028067024,18.6000168402144
JAM,Sheep,1090.00715329829,16.8802289055454
JOR,Beef,2909.99918307328,17.3196634261907
JOR,Eggs,1430.00380907732,12.5599929678572
JOR,Milk,473.919115378131,3.15000206776545
JOR,Pork,3760.00229443313,13.9100008604124
JOR,Poultry,2150.00076944516,18.6000543741248
JOR,Sheep,1090.0015256112,16.8799343987185
JPN,Beef,1250.00179614476,19.4354970448799
JPN,Eggs,1440.00107332606,13.3000751328241
JPN,Milk,539.999564644526,2.9999833540554
JPN,Pork,3949.99440653317,13.2000223738673
JPN,Poultry,1670.00111752429,19.2999465400542
JPN,Sheep,2029.99783743705,18.9192093061944
KAZ,Beef,2909.9987491746,17.319859325776
KAZ,Eggs,1429.99764747398,12.5600384245917
KAZ,Milk,473.919279941684,3.14999546299324
KAZ,Pork,3760.00270411871,13.9099866484139
KAZ,Poultry,2149.99838780753,18.6000437083293
KAZ,Sheep,1089.99610081883,16.879955209406
KEN,Beef,2350.0056105786,18.3997448663206
KEN,Eggs,1390.01207331797,12.6001536604105
KEN,Milk,650,3.37129569395834
KEN,Pork,2650.07611357469,16.7999205771395
KEN,Poultry,1809.94152046784,19.5000943218261
KEN,Sheep,2291.19406998545,16.4498847144988
KGZ,Beef,2910.00412708003,17.3201210042845
KGZ,Eggs,1429.99632573687,12.5597067758789
KGZ,Milk,473.919191027571,3.15000644160307
KGZ,Pork,3759.98612235457,13.9100265988204
KGZ,Poultry,2149.99777332443,18.5998663994656
KGZ,Sheep,1089.9982628777,16.8797196080235
KHM,Beef,2910.00391524853,17.319966856966
KHM,Eggs,1430.00730209183,12.5600274902281
KHM,Milk,610.024103218489,3.06068339713597
KHM,Pork,3760.00185035884,13.9100725605001
KHM,Poultry,2149.98795035546,18.6001325460899
KHM,Sheep,1089.98877145454,16.8798902097777
KOR,Beef,1250.00110153995,19.4354970448799
KOR,Eggs,1440.00015899262,13.3001303739507
KOR,Milk,540.000509668843,3.0000382251632
KOR,Pork,3950.00380305023,13.1999235679661
KOR,Poultry,1669.99722160676,19.2999855804908
KOR,Sheep,2030.01461519267,18.9192093061944
LAO,Beef,2910.00391524853,17.319966856966
LAO,Eggs,1430.00730209183,12.5600274902281
LAO,Milk,610.024103218489,3.06068339713597
LAO,Pork,3760.00185035884,13.9100725605001
LAO,Poultry,2149.98795035546,18.6001325460899
LAO,Sheep,1089.98877145454,16.8798902097777
LBN,Beef,2910.00405387145,17.3201657582992
LBN,Eggs,1429.99855368913,12.5601768631583
LBN,Milk,473.919335138867,3.14999203441134
LBN,Pork,3759.98869737214,13.9098615428087
LBN,Poultry,2150.00222001092,18.6000349978192
LBN,Sheep,1090.00254189234,16.8801204465909
LBR,Beef,2349.96885166471,18.3996677510902
LBR,Eggs,1390.01287737874,12.6000858491916
LBR,Milk,649.984255274483,3.37129569395834
LBR,Pork,2650.03683822755,16.8003368066519
LBR,Poultry,1809.99872139113,19.5000639304437
LBR,Sheep,2291.19406998545,16.4501839989096
LBY,Beef,2910.04573945451,17.3200067762155
LBY,Eggs,1430.0006992355,12.5600177139661
LBY,Milk,473.919667143797,3.14998320070327
LBY,Pork,3760.00368092514,13.9100627290992
LBY,Poultry,2150.00657154957,18.6004059757291
LBY,Sheep,1089.99073215941,16.8795180722892
LKA,Beef,1140,19.4354970448799
LKA,Eggs,1566.73680721361,13
LKA,Milk,645.62382428728,3.14371089528069
LKA,Pork,1140.02179773992,19.0007457121551
LKA,Poultry,1300.00116709266,19.8583346288085
LKA,Sheep,1939.96498815776,18.9192093061944
LSO,Beef,2350.00545173038,18.400244237521
LSO,Eggs,1389.98519980266,12.5999013320178
LSO,Milk,649.999940099459,3.37129569395834
LSO,Pork,2650.01062247716,16.8000849798173
LSO,Poultry,1809.99639710458,19.5003985020689
LSO,Sheep,2291.19406998545,16.4501655020228
MDA,Beef,2909.9795640327,17.3198228882834
MDA,Eggs,1430.00410038666,12.5598292399723
MDA,Milk,473.919418083287,3.15000930848673
MDA,Pork,3760.00577738214,13.909931791519
MDA,Poultry,2150.00239279364,18.6001052829202
MDA,Sheep,1090.01650881919,16.8801228024445
MDG,Beef,2350.00672314105,18.400396665322
MDG,Eggs,1389.96166406361,12.5997444270907
MDG,Milk,649.999778188868,3.37129569395834
MDG,Pork,2649.99029607746,16.7998619886572
MDG,Poultry,1809.99023922462,19.4992893470555
MDG,Sheep,2291.19406998545,16.449890040842
MEX,Beef,1301.00052574759,19.4354970448799
MEX,Eggs,1539.99962371003,12.4998824093847
MEX,Milk,571.000057626224,3.28001535543898
MEX,Pork,1578.00075650197,19.4998773801755
MEX,Poultry,1725.9999415666,18.0000194778002
MEX,Sheep,1515.96990383178,18.9192093061944
MLI,Beef,2349.99783148803,18.4001338281671
MLI,Eggs,1390.0146484375,12.60009765625
MLI,Milk,650.000090008515,3.37129569395834
MLI,Pork,2649.95169665499,16.7996014974037
MLI,Poultry,1810.00841536685,19.500166350275
MLI,Sheep,2291.19406998545,16.4497357322086
MMR,Beef,2910.00391524853,17.319966856966
MMR,Eggs,1430.00730209183,12.5600274902281
MMR,Milk,610.024103218489,3.06068339713597
MMR,Pork,3760.00185035884,13.9100725605001
MMR,Poultry,2149.98795035546,18.6001325460899
MMR,Sheep,1089.98877145454,16.8798902097778
MNG,Beef,1250.00086107428,19.4354970448799
MNG,Eggs,1440.01386962552,13.3001040221914
MNG,Milk,540.000203516386,2.99998228653675
MNG,Pork,3949.9400323304,13.1996662668822
MNG,Poultry,1669.98793117966,19.3000084201072
MNG,Sheep,2030.00054445585,18.9192093061944
MOZ,Beef,2349.94872963427,18.3997949185371
MOZ,Eggs,1390.00489955904,12.6000326637269
MOZ,Milk,650.004525413429,3.37129569395834
MOZ,Pork,2650.00766518473,16.7995298686698
MOZ,Poultry,1809.99506822292,19.4999178037153
MOZ,Sheep,2291.19406998545,16.4494952281128
MRT,Beef,2350.00660472899,18.3998943243362
MRT,Eggs,1389.98895841001,12.5999263894001
MRT,Milk,650.000156961395,3.37129569395834
MRT,Pork,2650.03286409828,16.8000991297893
MRT,Poultry,1810.00536480687,19.4997317596567
MRT,Sheep,2291.19406998545,16.4500811719244
MWI,Beef,2349.9752410358,18.3996970667909
MWI,Eggs,1390.0214794438,12.600143196292
MWI,Milk,649.99436365686,3.37129569395834
MWI,Pork,2649.97994384276,16.7998395507421
MWI,Poultry,1810.00753938336,19.5000198404825
MWI,Sheep,2291.19406998545,16.4499182237201
MYS,Beef,2909.99714868511,17.3195446669445
MYS,Eggs,1429.99845750424,12.5599259602036
MYS,Milk,652.700491976784,3.15001349184934
MYS,Pork,3760.00987147078,13.9101029167528
MYS,Poultry,2150.00060422596,18.6000386704612
MYS,Sheep,1089.99328408328,16.8797850906649
NAM,Beef,2349.99358961383,18.399832655182
NAM,Eggs,1390.00438084112,12.6000292056075
NAM,Milk,650.000036793302,3.37129569395834
NAM,Pork,2650.01389093167,16.7998561880015
NAM,Poultry,1810.00480443629,19.5002228563821
NAM,Sheep,2291.19406998545,16.450006074596
NER,Beef,2350.00222746915,18.3996376650183
NER,Eggs,1389.98300166549,12.59988667777
NER,Milk,650,3.37129569395834
NER,Pork,2650.03186743149,16.7998725302741
NER,Poultry,1810.01383125864,19.5004149377593
NER,Sheep,2291.19406998545,16.4503367190452
NGA,Beef,2350.01375515818,18.4
NGA,Eggs,1389.99872462289,12.599566371784
NGA,Milk,649.994749921249,3.37129569395834
NGA,Pork,2650.05232355335,16.8001240262005
NGA,Poultry,1810.02986951737,19.5003930199654
NGA,Sheep,2291.19406998545,16.4492062970388
NIC,Beef,1300.9902699503,19.4354970448799
NIC,Eggs,1539.99664598357,12.500232917808
NIC,Milk,571.000104221753,3.27998624629174
NIC,Pork,1577.98407487075,19.5007358768255
NIC,Poultry,1725.99933254227,18.0000370809849
NIC,Sheep,1516.01093655869,18.9192093061944
NLD,Beef,2910.00116027726,17.3199314147218
NLD,Eggs,1429.99968233014,12.559960185378
NLD,Milk,473.919269599832,3.15000294222783
NLD,Pork,3760.00357979308,13.9100289929468
NLD,Poultry,2150.00139315866,18.6000612989811
NLD,Sheep,1090.00573284923,16.8798968087139
NOR,Beef,2910.00121333046,17.3199552415876
NOR,Eggs,1429.99836496871,12.5600130802503
NOR,Milk,473.919224190927,3.14999385814035
NOR,Pork,3760.00039021154,13.9100659945273
NOR,Poultry,2150.00267927713,18.599876753252
NOR,Sheep,1090.00446107485,16.8801609628638
NPL,Beef,1249.99391169523,19.4354970448799
NPL,Eggs,1439.99091631657,13.3000264940767
NPL,Milk,652.700491976784,3.37129569395834
NPL,Pork,3950.02607335303,13.2000695289414
NPL,Poultry,1669.99104973789,19.3001747432127
NPL,Sheep,2030.00772341102,18.9192093061944
NZL,Beef,2910.00223098089,17.3199835042625
NZL,Eggs,1429.9981958894,12.5598478995989
NZL,Milk,473.919315153757,3.1500024272827
NZL,Pork,3760.00200852441,13.9099176800362
NZL,Poultry,2149.99902781108,18.5999183361311
NZL,Sheep,1090.00022583049,16.8799259275987
PAK,Beef,1250.00187351524,19.4354970448799
PAK,Eggs,1439.98800059997,13.29998500075
PAK,Milk,652.700491976784,3.37129569395834
PAK,Pork,1298.21151959288,18.6882690752662
PAK,Poultry,1669.99776171479,19.2992850653711
PAK,Sheep,2029.9973301804,18.9192093061944
PAN,Beef,1300.99875465456,19.4354970448799
PAN,Eggs,1540.00824727481,12.5
PAN,Milk,570.999965857878,3.27999100924113
PAN,Pork,1578.00220259156,19.4999648522623
PAN,Poultry,1726.00191138685,17.9999373315786
PAN,Sheep,1515.97058591143,18.9192093061944
PER,Beef,1301.0044133313,19.4354970448799
PER,Eggs,1540.00345229362,12.5
PER,Milk,571.000057110519,3.28002585548962
PER,Pork,1577.99390431835,19.4993322146502
PER,Poultry,1725.99866145901,17.9998801306576
PER,Sheep,1516.03281133482,18.9192093061944
PHL,Beef,2910.00900648171,17.3204978664974
PHL,Eggs,1429.9950116588,12.5601791162516
PHL,Milk,610.010662986891,3.06071630182525
PHL,Pork,3760.00352991604,13.9100753889211
PHL,Poultry,2150.00025824712,18.5999907031036
PHL,Sheep,1090.00942507069,16.8795161797047
PNG,Beef,2909.99977756925,17.3199882799791
PNG,Eggs,1429.99789715195,12.560066947072
PNG,Milk,473.919732305898,3.15001354533272
PNG,Pork,3759.99799500963,13.9100521786554
PNG,Poultry,2150.00044939212,18.5999548156593
PNG,Sheep,1089.99686758733,16.8796794096679
POL,Beef,2910.00847727032,17.3201229204196
POL,Eggs,1429.99905479605,12.5600419326843
POL,Milk,473.919279655763,3.15000211988298
POL,Pork,3759.99816408799,13.9099440382676
POL,Poultry,2150.00053054338,18.6000551765118
POL,Sheep,1089.99073215941,16.8795180722892
PRK,Beef,1250,19.4354970448799
PRK,Eggs,1439.99883728919,13.30009037434
PRK,Milk,573.574352608175,3.05851721262268
PRK,Pork,3950.00200171347,13.1999391479106
PRK,Poultry,1670.00498982165,19.3000119225827
PRK,Sheep,2029.98476709693,18.9192093061944
PRT,Beef,2910.00065964852,17.3200420622941
PRT,Eggs,1429.99863386172,12.5600990670598
PRT,Milk,473.919361258581,3.14999627412956
PRT,Pork,3759.99983108393,13.9099564759604
PRT,Poultry,2149.99970402584,18.6000027624255
PRT,Sheep,1089.99633140893,16.879959838582
PRY,Beef,1301.00063002631,19.4354970448799
PRY,Eggs,1540.00070168976,12.4999451804878
PRY,Milk,570.999859090116,3.27999779274028
PRY,Pork,1578.00186463137,19.5000711088236
PRY,Poultry,1726.00737375242,18.0005213764338
PRY,Sheep,1516.05428666005,18.9192093061944
PSE,Beef,2909.99463006378,17.3200089062357
PSE,Eggs,1430.00003839612,12.5600419285602
PSE,Milk,473.91923815001,3.15000469267005
PSE,Pork,3760.00219816453,13.9099851623894
PSE,Poultry,2149.99895386547,18.5998535411654
PSE,Sheep,1090.0095406842,16.8799236745264
ROU,Beef,2910.00464046286,17.3197871311079
ROU,Eggs,1430.00026707262,12.560091338835
ROU,Milk,473.919302140133,3.14999679501237
ROU,Pork,3759.9987877196,13.9099073615727
ROU,Poultry,2150.00286922091,18.6002027582777
ROU,Sheep,1090.00215537149,16.8796378975891
RUS,Beef,2910.00332968653,17.3199194532972
RUS,Eggs,1430.0000276937,12.5599222360998
RUS,Milk,473.91920802198,3.15000458820418
RUS,Pork,3759.99890265831,13.9100528968574
RUS,Poultry,2150.00074723895,18.6000229153279
RUS,Sheep,1089.99328408328,16.8797850906649
RWA,Beef,2350.00617004648,18.4001069474723
RWA,Eggs,1389.96226758194,12.5994453789153
RWA,Milk,650.000348813685,3.37129569395834
RWA,Pork,2650.08643721515,16.8002514537168
RWA,Poultry,1809.99581546187,19.4999476932734
RWA,Sheep,2291.19406998545,16.4494952281128
SAU,Beef,2910.01121355594,17.3197524711355
SAU,Eggs,1429.99324944178,12.5603655686913
SAU,Milk,473.918981880381,3.15003095461479
SAU,Pork,3759.99817057528,13.9099861778334
SAU,Poultry,2150,18.6000431530495
SAU,Sheep,1089.99880796281,16.8799916557397
SDN,Beef,2350.00850223082,18.3996372381515
SDN,Eggs,1389.99383718976,12.5995854109474
SDN,Milk,649.999938778909,3.37129569395834
SDN,Pork,3760.00869955322,13.910077110031
SDN,Poultry,1810.01150747986,19.5
SDN,Sheep,2291.19406998545,16.4501851914778
SEN,Beef,2349.99573280014,18.4001658111947
SEN,Eggs,1389.98325401022,12.5998149127446
SEN,Milk,650,3.37129569395834
SEN,Pork,2650.02966967759,16.8002901035142
SEN,Poultry,1809.99043323767,19.49979499795
SEN,Sheep,2291.19406998545,16.4500347149339
SLB,Beef,2909.99977756925,17.3199882799791
SLB,Eggs,1429.99789715195,12.560066947072
SLB,Milk,473.919732305898,3.15001354533272
SLB,Pork,3759.99799500963,13.9100521786554
SLB,Poultry,2150.00044939212,18.5999548156593
SLB,Sheep,1089.99686758733,16.8796794096679
SLE,Beef,2349.96885166471,18.3996677510902
SLE,Eggs,1390.01287737874,12.6000858491916
SLE,Milk,649.984255274483,3.37129569395834
SLE,Pork,2650.03683822755,16.8003368066519
SLE,Poultry,1809.99872139113,19.5000639304437
SLE,Sheep,2291.19406998545,16.4501839989096
SLV,Beef,1300.99297187883,19.4354970448799
SLV,Eggs,1539.99482950558,12.4999340498161
SLV,Milk,571.000008403197,3.27999170884605
SLV,Pork,1577.99038823555,19.4999224857706
SLV,Poultry,1725.99800226242,18.0001197382145
SLV,Sheep,1515.99898051391,18.9192093061944
SOM,Beef,2349.99504817419,18.3995698985583
SOM,Eggs,1389.97377825476,12.5997145480898
SOM,Milk,650.000608534082,3.37129569395834
SOM,Pork,2649.98422577222,16.7998393896808
SOM,Poultry,1810.03068661297,19.5003835826621
SOM,Sheep,2291.19406998545,16.4500119588615
SVK,Beef,2909.99154109736,17.3192447203544
SVK,Eggs,1429.99765714156,12.559988512436
SVK,Milk,473.919275358373,3.15000024022331
SVK,Pork,3760.00059492922,13.9099409367491
SVK,Poultry,2149.99684438616,18.5998892028919
SVK,Sheep,1090.00819876662,16.8801910669091
SVN,Beef,2909.99774184364,17.3200593011497
SVN,Eggs,1429.99675389082,12.5601882743323
SVN,Milk,473.919191889009,3.14999760949271
SVN,Pork,3760.00216924781,13.9099917103744
SVN,Poultry,2150.00061106019,18.5999388939811
SVN,Sheep,1090.01158515086,16.8800685035007
SWE,Beef,2910.00165061312,17.3199899898301
SWE,Eggs,1429.99955519972,12.5600480384307
SWE,Milk,473.919208547105,3.14999480071262
SWE,Pork,3760.00114903602,13.9099881467863
SWE,Poultry,2149.995973852,18.6000717386371
SWE,Sheep,1090.00411918166,16.8800631607854
SWZ,Beef,2350.00545173038,18.400244237521
SWZ,Eggs,1389.98519980266,12.5999013320178
SWZ,Milk,649.999940099459,3.37129569395834
SWZ,Pork,2650.01062247716,16.8000849798173
SWZ,Poultry,1809.99639710458,19.5003985020689
SWZ,Sheep,2291.19406998545,16.4501655020228
SYR,Beef,2909.99634885767,17.3198819663496
SYR,Eggs,1430.00084413201,12.5600953280238
SYR,Milk,475.66346098252,3.1521068407705
SYR,Pork,3759.99780041517,13.909968243494
SYR,Poultry,2149.9969922045,18.5998535026663
SYR,Sheep,1089.98394766333,16.8797891995033
TCD,Beef,2350.00222746915,18.3996376650183
TCD,Eggs,1389.98300166549,12.59988667777
TCD,Milk,650,3.37129569395834
TCD,Pork,2650.03186743148,16.7998725302741
TCD,Poultry,1810.01383125864,19.5004149377593
TCD,Sheep,2291.19406998545,16.4503367190452
TGO,Beef,2349.97157014053,18.3998050523922
TGO,Eggs,1389.97650743931,12.5998433829287
TGO,Milk,649.996702644479,3.37129569395834
TGO,Pork,2650.08825012607,16.8003025718608
TGO,Poultry,1810.00124980906,19.5002615341175
TGO,Sheep,2291.19406998545,16.4500484966052
THA,Beef,2910.02194586686,17.3201658132163
THA,Eggs,1430.00378027858,12.5598301782547
THA,Milk,610.000530786904,3.06061839201899
THA,Pork,3759.99062411548,13.9099207472403
THA,Poultry,2150.00164527032,18.6000159826259
THA,Sheep,1089.99281725712,16.8794457702912
TJK,Beef,2909.99381343321,17.3207149664755
TJK,Eggs,1429.98582230624,12.5597826086957
TJK,Milk,473.919346095515,3.14999116839137
TJK,Pork,3760.01240245982,13.9098754586326
TJK,Poultry,2149.97747045163,18.5990086998718
TJK,Sheep,1089.99853842649,16.8803143242802
TKM,Beef,2909.99765006919,17.3199395189525
TKM,Eggs,1429.99777728384,12.5601244721049
TKM,Milk,473.9190563621,3.14999412268198
TKM,Pork,3760.03824091778,13.9101338432122
TKM,Poultry,2149.97350291468,18.5998183057007
TKM,Sheep,1089.99546793564,16.8796736913664
TLS,Beef,2909.99977756925,17.3199882799791
TLS,Eggs,1429.99789715195,12.560066947072
TLS,Milk,473.919732305898,3.15001354533272
TLS,Pork,3759.99799500963,13.9100521786554
TLS,Poultry,2150.00044939211,18.5999548156593
TLS,Sheep,1089.99686758733,16.8796794096679
TUN,Beef,2910.01505152252,17.3196711821234
TUN,Eggs,1429.99736875222,12.5602040933063
TUN,Milk,473.919480866341,3.15001956533891
TUN,Pork,3760.00869955322,13.910077110031
TUN,Poultry,2150.00041998102,18.6001192746088
TUN,Sheep,1090.00323305341,16.8798547612929
TUR,Beef,2910.00099611515,17.3199521864728
TUR,Eggs,1430.00018647555,12.559749874129
TUR,Milk,475.367253345057,3.15175817572022
TUR,Pork,3759.99817057528,13.9099861778334
TUR,Poultry,2149.99636988456,18.6001064833862
TUR,Sheep,1090.00172483183,16.8803541654689
TZA,Beef,2350.00397370542,18.4005267998047
TZA,Eggs,1390.01070281841,12.6000713521227
TZA,Milk,650.000302621306,3.37129569395834
TZA,Pork,2650.06579613321,16.7999460134292
TZA,Poultry,1809.98798983325,19.4997625897271
TZA,Sheep,2291.19406998545,16.4500322862461
UGA,Beef,2350.0056105786,18.3997448663206
UGA,Eggs,1390.01207331797,12.6001536604105
UGA,Milk,650,3.37129569395834
UGA,Pork,2650.07611357469,16.7999205771395
UGA,Poultry,1809.94152046784,19.5000943218261
UGA,Sheep,2291.19406998545,16.4498847144988
UKR,Beef,2909.998099943,17.3201596047881
UKR,Eggs,1429.99943485264,12.5599291681973
UKR,Milk,473.919321745924,3.14999506972546
UKR,Pork,3759.99973822675,13.9099761786341
UKR,Poultry,2150,18.6000104613453
UKR,Sheep,1089.96465212518,16.8796879041297
URY,Beef,1301.00057578206,19.4354970448799
URY,Eggs,1540.00201236346,12.4999213920524
URY,Milk,570.999976226169,3.28000374011267
URY,Pork,1578.00254365461,19.5002062422659
URY,Poultry,1726.00241982217,18.0000339454013
URY,Sheep,1516.00242735662,18.9192093061944
USA,Beef,2909.99827942488,17.3199348614589
USA,Eggs,1429.9983543545,12.5600954474393
USA,Milk,473.919214290906,3.15000576254847
USA,Pork,3759.99556391657,13.909996796162
USA,Poultry,2149.99994407328,18.5999975392242
USA,Sheep,1089.99281725712,16.8794457702912
UZB,Beef,2909.99765006919,17.3199395189526
UZB,Eggs,1429.99777728384,12.5601244721049
UZB,Milk,473.9190563621,3.14999412268198
UZB,Pork,3760.03824091778,13.9101338432122
UZB,Poultry,2149.97350291468,18.5998183057007
UZB,Sheep,1089.99546793564,16.8796736913664
VEN,Beef,1300.99959786293,19.4354970448799
VEN,Eggs,1540.00281544742,12.4996480690723
VEN,Milk,570.999858966835,3.27999301865153
VEN,Pork,1578.00138568874,19.5003464221839
VEN,Poultry,1725.99881536962,18.000012737961
VEN,Sheep,1516.05989515452,18.9192093061944
VNM,Beef,2910.00391524853,17.319966856966
VNM,Eggs,1430.00730209183,12.5600274902281
VNM,Milk,610.024103218489,3.06068339713597
VNM,Pork,3760.00185035884,13.9100725605001
VNM,Poultry,2149.98795035546,18.6001325460899
VNM,Sheep,1089.98877145454,16.8798902097777
VUT,Beef,2909.99977756925,17.3199882799791
VUT,Eggs,1429.99789715195,12.560066947072
VUT,Milk,473.919732305898,3.15001354533272
VUT,Pork,3759.99799500963,13.9100521786554
VUT,Poultry,2150.00044939212,18.5999548156593
VUT,Sheep,1089.99686758733,16.8796794096679
YEM,Beef,2909.99666110184,17.3195325542571
YEM,Eggs,1430.00956861494,12.5600031895383
YEM,Milk,473.919986726673,3.15000933280793
YEM,Pork,3760.11013594906,13.9103998164401
YEM,Poultry,2150.00260481486,18.6001146118536
YEM,Sheep,1090.0005009769,16.8804168127849
ZAF,Beef,2350.00223661791,18.4000455456738
ZAF,Eggs,1389.99937800044,12.6000147018078
ZAF,Milk,650.000137465359,3.37129569395834
ZAF,Pork,2650.00766518473,16.7995298686698
ZAF,Poultry,1809.99927251564,19.5000529079534
ZAF,Sheep,2291.19406998545,16.4495317377732
ZMB,Beef,2350.00672314105,18.400396665322
ZMB,Eggs,1390.01189060642,12.5999268270374
ZMB,Milk,650.000591042165,3.37129569395834
ZMB,Pork,2649.99591736752,16.8000326610599
ZMB,Poultry,1810.00584835558,19.4999655979084
ZMB,Sheep,2291.19406998545,16.4502525603596
ZWE,Beef,2350.00672314105,18.400396665322
ZWE,Eggs,1390.01189060642,12.5999268270374
ZWE,Milk,650.000591042165,3.37129569395834
ZWE,Pork,2649.99591736752,16.8000326610599
ZWE,Poultry,1810.00584835558,19.4999655979084
ZWE,Sheep,2291.19406998545,16.4502525603596
BLT,Beef,2910.00018869029,17.3200097755617
BLT,Eggs,1429.99963554371,12.5600073948662
BLT,Milk,473.919255282225,3.15000046507269
BLT,Pork,3759.99896758357,13.9099875036968
BLT,Poultry,2150.00002423516,18.5999921625721
BLT,Sheep,1090.00787002637,16.8798332839574
BLX,Beef,2909.99990295639,17.3199659460379
BLX,Eggs,1430.00260660927,12.5598899109169
BLX,Milk,473.919226842663,3.15000622455056
BLX,Pork,3760.00168251175,13.9099843370904
BLX,Poultry,2149.99902593928,18.600067824794
BLX,Sheep,1090.00646450076,16.8802151129188
CHM,Beef,1250,19.4354970448799
CHM,Eggs,1439.99883728919,13.30009037434
CHM,Milk,573.574352608175,3.05851721262268
CHM,Pork,3950.00200171347,13.1999391479106
CHM,Poultry,1670.00498982165,19.3000119225827
CHM,Sheep,2029.98476709693,18.9192093061944
CHP,Beef,2909.99634885767,17.3198819663496
CHP,Eggs,1430.00421445288,12.5599662843769
CHP,Milk,473.919300238982,3.15000446036613
CHP,Pork,3759.99780041517,13.909968243494
CHP,Poultry,2149.9969922045,18.5998535026663
CHP,Sheep,1089.98394766333,16.8797891995033
CRB,Beef,2768.29828688671,17.5735154819481
CRB,Eggs,1430.00127893358,12.5600624116068
CRB,Milk,514.123218856897,3.20382872700111
CRB,Pork,3593.82509320513,14.3357316642162
CRB,Poultry,2126.45619389847,18.566686588466
CRB,Sheep,1117.37379291858,17.0160908883234
FNP,Beef,2909.99581280872,17.3199933277277
FNP,Eggs,1429.99530484942,12.5597513805978
FNP,Milk,473.919249560826,3.14999750903641
FNP,Pork,3760.00065989178,13.910023756104
FNP,Poultry,2150.00221419489,18.5998696788152
FNP,Sheep,1090.04474272931,16.8799936081815
FRP,Beef,2910.00093957993,17.3200133064834
FRP,Eggs,1429.9978014916,12.5599093538076
FRP,Milk,473.919204809057,3.14999766839139
FRP,Pork,3759.99876606049,13.9099258436633
FRP,Poultry,2150.0012464787,18.5999551267669
FRP,Sheep,1089.99887659383,16.8805819243948
GSA,Beef,1300.99630154397,19.4354970448799
GSA,Eggs,1540.01282385444,12.5
GSA,Milk,571.000100934114,3.28000200172361
GSA,Pork,1577.99653092799,19.4999219910106
GSA,Poultry,1726.00038134302,18.0000002446919
GSA,Sheep,1516.01741682613,18.9192093061944
ITP,Beef,2910.00201205664,17.3199742303699
ITP,Eggs,1430.0031233016,12.5601148434022
ITP,Milk,485.422752836857,3.16391975784633
ITP,Pork,3759.99993437141,13.9100601326653
ITP,Poultry,2150.00015154274,18.6000695749546
ITP,Sheep,1089.98748257568,16.8801469937967
MOR,Beef,2909.99460281635,17.3200529905304
MOR,Eggs,1430.00031493087,12.5600730639625
MOR,Milk,473.91920613347,3.14998769052374
MOR,Pork,3760.03824091778,13.9101338432122
MOR,Poultry,2150.00199485896,18.6000649754062
MOR,Sheep,1090.0034688559,16.8799864803565
OAO,Beef,2350.00617004648,18.4001069474723
OAO,Eggs,1390.00202388181,12.6003508061796
OAO,Milk,650.000302151056,3.37129569395834
OAO,Pork,2650.00105572591,16.8001182413014
OAO,Poultry,1810.00158387855,19.4999817244782
OAO,Sheep,2291.19406998545,16.4499210110585
OBN,Beef,2910.0044190118,17.3199267311453
OBN,Eggs,1429.99764041155,12.5600222863105
OBN,Milk,473.919208015022,3.15000241526652
OBN,Pork,3759.99827219697,13.9099726739463
OBN,Poultry,2149.9998631094,18.5998201993204
OBN,Sheep,1089.99934902264,16.8799167890663
OIO,Beef,2491.20749151958,18.1278316888944
OIO,Eggs,1402.93997660846,12.5869998282822
OIO,Milk,622.235045106236,3.3605800316414
OIO,Pork,2769.61064314489,16.4885778044697
OIO,Poultry,1841.50043817931,19.4166364745031
OIO,Sheep,2291.19406998545,16.4735580367108
OPO,Beef,2909.99977756925,17.3199882799791
OPO,Eggs,1429.99789715195,12.560066947072
OPO,Milk,473.919732305898,3.15001354533272
OPO,Pork,3759.99799500963,13.9100521786554
OPO,Poultry,2150.00044939211,18.5999548156593
OPO,Sheep,1089.99686758733,16.8796794096679
OSA,Beef,2910.00956050642,17.3201610800475
OSA,Eggs,1429.99917707852,12.5600519859366
OSA,Milk,633.137091881446,3.10497606902905
OSA,Pork,3760.01005120918,13.9096604250968
OSA,Poultry,2150.0004602992,18.6000460299194
OSA,Sheep,1089.98270893372,16.8797694524496
RAP,Beef,2909.99135467557,17.3197108183689
RAP,Eggs,1430.00053617968,12.5600708087455
RAP,Milk,473.921595909363,3.15000924714616
RAP,Pork,3759.99817057528,13.9099861778334
RAP,Poultry,2150.00049480567,18.599981980005
RAP,Sheep,1089.99884389649,16.8801464928094
SPP,Beef,2910.00489103853,17.320204929574
SPP,Eggs,1430.00017499956,12.560010266641
SPP,Milk,473.919282264882,3.14999155271346
SPP,Pork,3760.00142335247,13.9099492337619
SPP,Poultry,2149.99978697751,18.6000587942075
SPP,Sheep,1090.00613329699,16.8800258961428
UKP,Beef,2910.00336282093,17.3199003506942
UKP,Eggs,1430.0031399335,12.5601641367979
UKP,Milk,473.919319656054,3.15000067401015
UKP,Pork,3760.00111756337,13.9100103589528
UKP,Poultry,2149.99869275675,18.6000171809113
UKP,Sheep,1089.99722750317,16.8795548162231
